<?xml version="1.0" encoding="utf-8"?><App xmlns="http://schemas.microsoft.com/sharepoint/2012/app/manifest" Name="delphi-birthdays-client-side-solution" ProductID="f2f53459-ee7b-4054-944e-ff267c54b8a2" SharePointMinVersion="16.0.0.0" IsClientSideSolution="true" Version="1.0.0.0" SkipFeatureDeployment="true" IsDomainIsolated="false"><Properties><Title>delphi-birthdays-client-side-solution</Title><DeveloperProperties>{&quot;name&quot;:&quot;&quot;,&quot;websiteUrl&quot;:&quot;&quot;,&quot;privacyUrl&quot;:&quot;&quot;,&quot;termsOfUseUrl&quot;:&quot;&quot;,&quot;mpnId&quot;:&quot;Undefined-1.16.1&quot;}</DeveloperProperties><ShortDescription><LocalizedString CultureName="default">delphi-birthdays description</LocalizedString></ShortDescription><LongDescription><LocalizedString CultureName="default">delphi-birthdays description</LocalizedString></LongDescription><Screenshots></Screenshots></Properties></App>